CONVERSATION_ID,CONVERSATION_URL,CONVERSATION_STATUS,TAGS,CATEGORY,START_DATE,CLOSED_DATE
797f69e8-f0b3-4c84-9213-2442cfa34d14,http://localhost:3000/workspaces/24551f5e-b398-4897-be0e-f0a0814077ce/help-desk?session_id=797f69e8-f0b3-4c84-9213-2442cfa34d14,OPEN,,,2025-03-17 00:18:49,
72ddbca2-0e59-42a2-941d-a987783d0fb9,http://localhost:3000/workspaces/24551f5e-b398-4897-be0e-f0a0814077ce/help-desk?session_id=72ddbca2-0e59-42a2-941d-a987783d0fb9,CLOSED,,,2025-03-17 00:13:10,
63cbec2a-864e-456e-a43e-80f1773c889b,http://localhost:3000/workspaces/24551f5e-b398-4897-be0e-f0a0814077ce/help-desk?session_id=63cbec2a-864e-456e-a43e-80f1773c889b,CLOSED,,,2025-03-17 00:12:51,2025-03-17 00:13:09
0f0d41d4-a416-4fe3-b5cb-6ebfd1a11cde,http://localhost:3000/workspaces/24551f5e-b398-4897-be0e-f0a0814077ce/help-desk?session_id=0f0d41d4-a416-4fe3-b5cb-6ebfd1a11cde,CLOSED,,,2025-03-17 00:08:16,2025-03-17 00:12:16
88f30a77-5dbd-448f-8a52-cd8529fb19f2,http://localhost:3000/workspaces/24551f5e-b398-4897-be0e-f0a0814077ce/help-desk?session_id=88f30a77-5dbd-448f-8a52-cd8529fb19f2,CLOSED,,,2025-03-16 23:33:31,2025-03-17 00:08:08
b8887bd4-7223-48c7-9366-42beda726aca,http://localhost:3000/workspaces/24551f5e-b398-4897-be0e-f0a0814077ce/help-desk?session_id=b8887bd4-7223-48c7-9366-42beda726aca,CLOSED,,,2025-03-16 23:32:48,2025-03-16 23:33:30
cc356ae0-e01a-46f9-8842-20f34f54c9f5,http://localhost:3000/workspaces/24551f5e-b398-4897-be0e-f0a0814077ce/help-desk?session_id=cc356ae0-e01a-46f9-8842-20f34f54c9f5,CLOSED,,,2025-03-16 23:26:52,2025-03-17 01:40:46
50555413-3c8d-4900-a313-78df9efd5ad1,http://localhost:3000/workspaces/24551f5e-b398-4897-be0e-f0a0814077ce/help-desk?session_id=50555413-3c8d-4900-a313-78df9efd5ad1,CLOSED,,,2025-03-16 23:01:10,2025-03-16 23:28:47
bcb5a697-a928-4a12-8067-2c5a360a2706,http://localhost:3000/workspaces/24551f5e-b398-4897-be0e-f0a0814077ce/help-desk?session_id=bcb5a697-a928-4a12-8067-2c5a360a2706,CLOSED,,,2025-03-16 22:51:12,2025-03-16 22:59:53
d3cf7367-7d6b-493c-8eef-100cb7bdcb75,http://localhost:3000/workspaces/24551f5e-b398-4897-be0e-f0a0814077ce/help-desk?session_id=d3cf7367-7d6b-493c-8eef-100cb7bdcb75,OPEN,,,2025-03-16 18:18:23,
e0cc8a66-4165-4f2f-bd3d-3a52ea22623e,http://localhost:3000/workspaces/24551f5e-b398-4897-be0e-f0a0814077ce/help-desk?session_id=e0cc8a66-4165-4f2f-bd3d-3a52ea22623e,OPEN,,,2025-03-14 15:28:33,
f7dde812-7bee-435f-91f2-4519728f1835,http://localhost:3000/workspaces/24551f5e-b398-4897-be0e-f0a0814077ce/help-desk?session_id=f7dde812-7bee-435f-91f2-4519728f1835,OPEN,,,2025-03-13 15:03:24,
15e459c0-4ca7-40de-916e-2366e6ab5bd6,http://localhost:3000/workspaces/24551f5e-b398-4897-be0e-f0a0814077ce/help-desk?session_id=15e459c0-4ca7-40de-916e-2366e6ab5bd6,OPEN,white list,,2025-03-13 14:31:25,
de90401f-b3e2-446d-a904-65deb33305bf,http://localhost:3000/workspaces/24551f5e-b398-4897-be0e-f0a0814077ce/help-desk?session_id=de90401f-b3e2-446d-a904-65deb33305bf,CLOSED,white list,,2025-03-13 14:26:29,2025-03-13 14:31:22
d643eec9-7fdb-4e72-a76a-a33f40095c0b,http://localhost:3000/workspaces/24551f5e-b398-4897-be0e-f0a0814077ce/help-desk?session_id=d643eec9-7fdb-4e72-a76a-a33f40095c0b,CLOSED,,,2025-03-13 14:20:02,2025-03-13 14:26:26
83ec76f3-7848-43e3-8824-b9c57996ad14,http://localhost:3000/workspaces/24551f5e-b398-4897-be0e-f0a0814077ce/help-desk?session_id=83ec76f3-7848-43e3-8824-b9c57996ad14,CLOSED,Other,,2025-03-13 14:19:13,2025-03-13 14:19:31
452d0c80-ec40-4c2a-9146-fda05956176f,http://localhost:3000/workspaces/24551f5e-b398-4897-be0e-f0a0814077ce/help-desk?session_id=452d0c80-ec40-4c2a-9146-fda05956176f,CLOSED,new request,,2025-03-13 13:59:06,2025-03-13 14:18:48
861d70f6-1abe-491c-ae42-4fbc5a09204b,http://localhost:3000/workspaces/24551f5e-b398-4897-be0e-f0a0814077ce/help-desk?session_id=861d70f6-1abe-491c-ae42-4fbc5a09204b,OPEN,white list,,2025-03-13 13:29:59,
e08da308-6a5b-4b6d-a1ab-d062b6bf28d0,http://localhost:3000/workspaces/24551f5e-b398-4897-be0e-f0a0814077ce/help-desk?session_id=e08da308-6a5b-4b6d-a1ab-d062b6bf28d0,OPEN,"white list, new request",,2025-03-13 13:24:08,
32519002-2fb7-46b0-bbb3-f84cd10c2cf0,http://localhost:3000/workspaces/24551f5e-b398-4897-be0e-f0a0814077ce/help-desk?session_id=32519002-2fb7-46b0-bbb3-f84cd10c2cf0,CLOSED,white list,,2025-03-13 13:20:43,2025-03-13 13:22:11
7323a53c-90dd-4b8c-9ee3-6bf49a220538,http://localhost:3000/workspaces/24551f5e-b398-4897-be0e-f0a0814077ce/help-desk?session_id=7323a53c-90dd-4b8c-9ee3-6bf49a220538,OPEN,white list,,2025-03-13 13:19:09,
9d9a153f-2594-4b8a-bfae-a1745980fe39,http://localhost:3000/workspaces/24551f5e-b398-4897-be0e-f0a0814077ce/help-desk?session_id=9d9a153f-2594-4b8a-bfae-a1745980fe39,CLOSED,new request,,2025-03-13 13:18:33,2025-03-13 13:19:03
0503addd-bebc-4999-9d63-0c17fed7213e,http://localhost:3000/workspaces/24551f5e-b398-4897-be0e-f0a0814077ce/help-desk?session_id=0503addd-bebc-4999-9d63-0c17fed7213e,OPEN,"white list, new request",,2025-03-13 13:15:35,
89227758-e4af-4ef4-8dfb-e630dbc5aa7d,http://localhost:3000/workspaces/24551f5e-b398-4897-be0e-f0a0814077ce/help-desk?session_id=89227758-e4af-4ef4-8dfb-e630dbc5aa7d,CLOSED,white list,,2025-03-13 13:11:23,2025-03-13 13:14:33
84c36449-df63-4998-9ae0-60752e83e1d9,http://localhost:3000/workspaces/24551f5e-b398-4897-be0e-f0a0814077ce/help-desk?session_id=84c36449-df63-4998-9ae0-60752e83e1d9,CLOSED,new request,,2025-03-13 13:09:32,2025-03-13 13:11:09
5cb5c374-b5ea-4b31-b59d-63e3bca2dd60,http://localhost:3000/workspaces/24551f5e-b398-4897-be0e-f0a0814077ce/help-desk?session_id=5cb5c374-b5ea-4b31-b59d-63e3bca2dd60,CLOSED,,,2025-03-13 13:04:58,2025-03-13 13:07:07
f1acc841-0d23-439e-9e49-f99be274d61b,http://localhost:3000/workspaces/24551f5e-b398-4897-be0e-f0a0814077ce/help-desk?session_id=f1acc841-0d23-439e-9e49-f99be274d61b,CLOSED,,,2025-03-13 13:03:09,2025-03-13 13:03:17
a0b42930-775b-42da-b108-8ac236022672,http://localhost:3000/workspaces/24551f5e-b398-4897-be0e-f0a0814077ce/help-desk?session_id=a0b42930-775b-42da-b108-8ac236022672,CLOSED,Gaming,,2025-03-13 13:03:00,2025-03-13 13:03:08
d483b7b5-10a1-4e9d-ad20-95b634cd1395,http://localhost:3000/workspaces/24551f5e-b398-4897-be0e-f0a0814077ce/help-desk?session_id=d483b7b5-10a1-4e9d-ad20-95b634cd1395,CLOSED,new request,,2025-03-13 13:00:34,2025-03-13 13:01:32
6f5432fb-8f7c-46a7-a63c-ee6d78fb0718,http://localhost:3000/workspaces/24551f5e-b398-4897-be0e-f0a0814077ce/help-desk?session_id=6f5432fb-8f7c-46a7-a63c-ee6d78fb0718,CLOSED,white list,,2025-03-13 11:26:35,2025-03-13 11:26:58
fe750c3b-3cc4-404a-af06-f80eb72e5cf3,http://localhost:3000/workspaces/24551f5e-b398-4897-be0e-f0a0814077ce/help-desk?session_id=fe750c3b-3cc4-404a-af06-f80eb72e5cf3,OPEN,white list,,2025-03-13 11:25:26,
cfcb200c-dd24-47c5-b522-7388cfac0b14,http://localhost:3000/workspaces/24551f5e-b398-4897-be0e-f0a0814077ce/help-desk?session_id=cfcb200c-dd24-47c5-b522-7388cfac0b14,CLOSED,,,2025-03-13 11:20:39,2025-03-13 11:22:33
12c828e1-5c32-4055-9770-eff665e4b196,http://localhost:3000/workspaces/24551f5e-b398-4897-be0e-f0a0814077ce/help-desk?session_id=12c828e1-5c32-4055-9770-eff665e4b196,CLOSED,new request,,2025-03-13 11:19:48,2025-03-13 11:20:24
7608e6f9-b709-4f43-9a0a-5db92c158919,http://localhost:3000/workspaces/24551f5e-b398-4897-be0e-f0a0814077ce/help-desk?session_id=7608e6f9-b709-4f43-9a0a-5db92c158919,CLOSED,new request,,2025-03-13 11:19:16,2025-03-13 11:19:26
1d638428-7a66-4129-81ca-53b46a3a2fa0,http://localhost:3000/workspaces/24551f5e-b398-4897-be0e-f0a0814077ce/help-desk?session_id=1d638428-7a66-4129-81ca-53b46a3a2fa0,OPEN,white list,,2025-03-13 11:18:07,
5db798b1-0ed7-46f9-8906-df8bc8b4df94,http://localhost:3000/workspaces/24551f5e-b398-4897-be0e-f0a0814077ce/help-desk?session_id=5db798b1-0ed7-46f9-8906-df8bc8b4df94,OPEN,white list,,2025-03-13 11:10:18,
9bd855f7-612e-415d-b55f-81334d40c86b,http://localhost:3000/workspaces/24551f5e-b398-4897-be0e-f0a0814077ce/help-desk?session_id=9bd855f7-612e-415d-b55f-81334d40c86b,OPEN,white list,,2025-03-13 11:08:38,
ee121249-2220-4828-97d6-6e8cab07edc8,http://localhost:3000/workspaces/24551f5e-b398-4897-be0e-f0a0814077ce/help-desk?session_id=ee121249-2220-4828-97d6-6e8cab07edc8,CLOSED,,,2025-03-13 11:02:31,2025-03-13 11:04:31
18b22b4e-158b-47cb-b508-168d428b9d63,http://localhost:3000/workspaces/24551f5e-b398-4897-be0e-f0a0814077ce/help-desk?session_id=18b22b4e-158b-47cb-b508-168d428b9d63,OPEN,white list,,2025-03-13 10:12:33,
b0255306-2003-4cc2-871d-5b032ecdfcc1,http://localhost:3000/workspaces/24551f5e-b398-4897-be0e-f0a0814077ce/help-desk?session_id=b0255306-2003-4cc2-871d-5b032ecdfcc1,CLOSED,new request,,2025-03-13 10:12:15,2025-03-13 10:12:32
04b66c2c-8ea2-4568-a460-70c0d6d717d7,http://localhost:3000/workspaces/24551f5e-b398-4897-be0e-f0a0814077ce/help-desk?session_id=04b66c2c-8ea2-4568-a460-70c0d6d717d7,OPEN,white list,,2025-03-13 10:09:09,
2fb2f45a-a2c2-4fea-bf88-26717f1157a3,http://localhost:3000/workspaces/24551f5e-b398-4897-be0e-f0a0814077ce/help-desk?session_id=2fb2f45a-a2c2-4fea-bf88-26717f1157a3,OPEN,"white list, new request",,2025-03-13 10:04:57,
18476d93-3ed9-464c-b8bd-dac4e96acaac,http://localhost:3000/workspaces/24551f5e-b398-4897-be0e-f0a0814077ce/help-desk?session_id=18476d93-3ed9-464c-b8bd-dac4e96acaac,CLOSED,,,2025-03-13 10:04:13,2025-03-13 10:04:41
438c5362-36b6-4609-9a84-031afcc0f2db,http://localhost:3000/workspaces/24551f5e-b398-4897-be0e-f0a0814077ce/help-desk?session_id=438c5362-36b6-4609-9a84-031afcc0f2db,OPEN,"white list, new request",,2025-03-13 10:01:45,
d0e1bf81-1187-4da8-aa96-45131d003e3c,http://localhost:3000/workspaces/24551f5e-b398-4897-be0e-f0a0814077ce/help-desk?session_id=d0e1bf81-1187-4da8-aa96-45131d003e3c,CLOSED,,,2025-03-12 20:30:59,2025-03-12 20:33:07
d19544e5-1128-4fc8-949b-857b7d8e08b7,http://localhost:3000/workspaces/24551f5e-b398-4897-be0e-f0a0814077ce/help-desk?session_id=d19544e5-1128-4fc8-949b-857b7d8e08b7,CLOSED,white list,,2025-03-12 19:51:24,2025-03-12 19:54:10
12702f92-1602-4573-b9f2-20e26bee68b3,http://localhost:3000/workspaces/24551f5e-b398-4897-be0e-f0a0814077ce/help-desk?session_id=12702f92-1602-4573-b9f2-20e26bee68b3,CLOSED,,,2025-03-12 19:50:02,2025-03-12 19:51:11
949b0181-e22d-4d91-8d88-ccc1228934c5,http://localhost:3000/workspaces/24551f5e-b398-4897-be0e-f0a0814077ce/help-desk?session_id=949b0181-e22d-4d91-8d88-ccc1228934c5,CLOSED,new request,,2025-03-12 19:49:09,2025-03-12 19:49:54
5611e6c4-cb2b-4c6b-bfb0-5c3b473ba2ec,http://localhost:3000/workspaces/24551f5e-b398-4897-be0e-f0a0814077ce/help-desk?session_id=5611e6c4-cb2b-4c6b-bfb0-5c3b473ba2ec,CLOSED,,,2025-03-12 19:21:05,2025-03-12 19:23:20
53bdb444-e78e-4ef1-881c-823cc559ff81,http://localhost:3000/workspaces/24551f5e-b398-4897-be0e-f0a0814077ce/help-desk?session_id=53bdb444-e78e-4ef1-881c-823cc559ff81,CLOSED,"white list, new request",,2025-03-12 19:03:34,2025-03-12 19:07:02
f72fc537-b9a7-48ee-8407-4e4d0dcc53ff,http://localhost:3000/workspaces/24551f5e-b398-4897-be0e-f0a0814077ce/help-desk?session_id=f72fc537-b9a7-48ee-8407-4e4d0dcc53ff,CLOSED,white list,,2025-03-12 18:53:38,2025-03-12 18:55:54
6ab16de0-11c0-4f36-8ed9-6891a72c3a0f,http://localhost:3000/workspaces/24551f5e-b398-4897-be0e-f0a0814077ce/help-desk?session_id=6ab16de0-11c0-4f36-8ed9-6891a72c3a0f,CLOSED,,,2025-03-12 18:52:31,2025-03-12 18:53:35
35f08bb1-02e6-44f7-ba2a-9377e5ee7012,http://localhost:3000/workspaces/24551f5e-b398-4897-be0e-f0a0814077ce/help-desk?session_id=35f08bb1-02e6-44f7-ba2a-9377e5ee7012,CLOSED,white list,,2025-03-12 18:49:56,2025-03-12 18:52:14
f0bcae78-268a-4a3b-b74b-bfaf456802e4,http://localhost:3000/workspaces/24551f5e-b398-4897-be0e-f0a0814077ce/help-desk?session_id=f0bcae78-268a-4a3b-b74b-bfaf456802e4,CLOSED,,,2025-03-12 18:49:15,
306daa9d-d4d3-4dc7-8121-ff2fabbb649a,http://localhost:3000/workspaces/24551f5e-b398-4897-be0e-f0a0814077ce/help-desk?session_id=306daa9d-d4d3-4dc7-8121-ff2fabbb649a,CLOSED,,,2025-03-12 18:48:51,
68f6eac4-0014-4880-b39d-61cd3e94e0d7,http://localhost:3000/workspaces/24551f5e-b398-4897-be0e-f0a0814077ce/help-desk?session_id=68f6eac4-0014-4880-b39d-61cd3e94e0d7,CLOSED,,,2025-03-12 18:48:29,2025-03-12 18:48:48
82af5bb4-d21b-483d-9d7b-5c1aa2c57dd5,http://localhost:3000/workspaces/24551f5e-b398-4897-be0e-f0a0814077ce/help-desk?session_id=82af5bb4-d21b-483d-9d7b-5c1aa2c57dd5,CLOSED,,,2025-03-12 18:47:50,2025-03-12 18:48:26
10b92ba2-c7ce-4ea8-9409-041c5869166b,http://localhost:3000/workspaces/24551f5e-b398-4897-be0e-f0a0814077ce/help-desk?session_id=10b92ba2-c7ce-4ea8-9409-041c5869166b,CLOSED,white list,,2025-03-12 18:42:06,2025-03-12 18:44:35
16a4cfaf-40e7-4cdc-9530-d799066aa009,http://localhost:3000/workspaces/24551f5e-b398-4897-be0e-f0a0814077ce/help-desk?session_id=16a4cfaf-40e7-4cdc-9530-d799066aa009,CLOSED,white list,,2025-03-12 18:41:12,2025-03-12 18:42:04
8c8233a7-2156-493c-a49d-15a9c7140128,http://localhost:3000/workspaces/24551f5e-b398-4897-be0e-f0a0814077ce/help-desk?session_id=8c8233a7-2156-493c-a49d-15a9c7140128,CLOSED,white list,,2025-03-12 18:39:12,2025-03-12 18:41:09
ca0e2ee7-c060-43a1-be10-0cc1f5133c83,http://localhost:3000/workspaces/24551f5e-b398-4897-be0e-f0a0814077ce/help-desk?session_id=ca0e2ee7-c060-43a1-be10-0cc1f5133c83,CLOSED,white list,,2025-03-12 18:38:11,2025-03-12 18:39:10
03b97858-38fc-4d18-a3f8-2c589c45192f,http://localhost:3000/workspaces/24551f5e-b398-4897-be0e-f0a0814077ce/help-desk?session_id=03b97858-38fc-4d18-a3f8-2c589c45192f,CLOSED,,,2025-03-12 18:37:04,2025-03-12 18:38:09
5ae27eb5-a475-4a41-abc7-c31cca7a7b89,http://localhost:3000/workspaces/24551f5e-b398-4897-be0e-f0a0814077ce/help-desk?session_id=5ae27eb5-a475-4a41-abc7-c31cca7a7b89,CLOSED,,,2025-03-12 18:35:52,2025-03-12 18:37:02
799715b8-5a6f-492a-a988-43c6f76dc437,http://localhost:3000/workspaces/24551f5e-b398-4897-be0e-f0a0814077ce/help-desk?session_id=799715b8-5a6f-492a-a988-43c6f76dc437,CLOSED,"white list, new request",,2025-03-12 18:25:44,2025-03-12 18:30:05
ec15f254-ddc0-40b7-9f55-b844e6acc195,http://localhost:3000/workspaces/24551f5e-b398-4897-be0e-f0a0814077ce/help-desk?session_id=ec15f254-ddc0-40b7-9f55-b844e6acc195,CLOSED,,,2025-03-12 18:22:51,2025-03-12 18:25:41
8e67eb76-aa3c-42e7-af0c-9aed8092a491,http://localhost:3000/workspaces/24551f5e-b398-4897-be0e-f0a0814077ce/help-desk?session_id=8e67eb76-aa3c-42e7-af0c-9aed8092a491,CLOSED,,,2025-03-12 18:22:20,
652b09d3-27d8-45f8-8fc4-cd0f292a2437,http://localhost:3000/workspaces/24551f5e-b398-4897-be0e-f0a0814077ce/help-desk?session_id=652b09d3-27d8-45f8-8fc4-cd0f292a2437,CLOSED,,,2025-03-12 17:54:46,2025-03-12 17:58:52
b8589b56-8aed-483a-a924-a2abeed7ea17,http://localhost:3000/workspaces/24551f5e-b398-4897-be0e-f0a0814077ce/help-desk?session_id=b8589b56-8aed-483a-a924-a2abeed7ea17,CLOSED,white list,,2025-03-12 17:53:04,2025-03-12 17:53:59
ae6f82c6-91e6-4fcf-aec8-4713b96f3dd5,http://localhost:3000/workspaces/24551f5e-b398-4897-be0e-f0a0814077ce/help-desk?session_id=ae6f82c6-91e6-4fcf-aec8-4713b96f3dd5,CLOSED,Other,,2025-03-12 17:50:48,2025-03-12 17:52:58
d0beae15-ebda-4c86-97a9-0f4d9653333d,http://localhost:3000/workspaces/24551f5e-b398-4897-be0e-f0a0814077ce/help-desk?session_id=d0beae15-ebda-4c86-97a9-0f4d9653333d,OPEN,Other,,2025-03-12 17:43:28,
110ae109-76c6-4274-8bc7-7984d2014eb0,http://localhost:3000/workspaces/24551f5e-b398-4897-be0e-f0a0814077ce/help-desk?session_id=110ae109-76c6-4274-8bc7-7984d2014eb0,OPEN,Other,,2025-03-12 17:41:15,
c7b71f2b-05d9-4f14-aa10-d1424a9f7fea,http://localhost:3000/workspaces/24551f5e-b398-4897-be0e-f0a0814077ce/help-desk?session_id=c7b71f2b-05d9-4f14-aa10-d1424a9f7fea,OPEN,Other,,2025-03-12 16:39:33,
91493461-57c1-4ca5-b4db-e2800d428679,http://localhost:3000/workspaces/24551f5e-b398-4897-be0e-f0a0814077ce/help-desk?session_id=91493461-57c1-4ca5-b4db-e2800d428679,CLOSED,,,2025-03-12 16:35:15,
0eb70463-f29b-4124-b5e3-2ed5f4a52eb5,http://localhost:3000/workspaces/24551f5e-b398-4897-be0e-f0a0814077ce/help-desk?session_id=0eb70463-f29b-4124-b5e3-2ed5f4a52eb5,OPEN,Other,,2025-03-12 16:22:11,
93b09488-dc96-49bb-a162-3d76263e2383,http://localhost:3000/workspaces/24551f5e-b398-4897-be0e-f0a0814077ce/help-desk?session_id=93b09488-dc96-49bb-a162-3d76263e2383,CLOSED,Other,,2025-03-12 16:21:39,2025-03-12 16:22:04
0a8c20d2-26b0-46be-8324-66e685871323,http://localhost:3000/workspaces/24551f5e-b398-4897-be0e-f0a0814077ce/help-desk?session_id=0a8c20d2-26b0-46be-8324-66e685871323,CLOSED,Gaming,,2025-03-12 16:21:27,2025-03-12 16:21:37
129156e4-047a-42ed-8900-af7580bacd61,http://localhost:3000/workspaces/24551f5e-b398-4897-be0e-f0a0814077ce/help-desk?session_id=129156e4-047a-42ed-8900-af7580bacd61,CLOSED,Other,,2025-03-12 16:19:23,2025-03-12 16:21:20
737b2f51-27b6-4c59-a281-665c4fde49ff,http://localhost:3000/workspaces/24551f5e-b398-4897-be0e-f0a0814077ce/help-desk?session_id=737b2f51-27b6-4c59-a281-665c4fde49ff,OPEN,,,2025-03-12 14:52:48,
11cec8d0-77b0-498e-abf2-750aaf58dd8b,http://localhost:3000/workspaces/24551f5e-b398-4897-be0e-f0a0814077ce/help-desk?session_id=11cec8d0-77b0-498e-abf2-750aaf58dd8b,OPEN,,,2025-03-12 14:40:01,
e36f1d4d-1c7c-4cc3-a8c5-7a055f1b0ce3,http://localhost:3000/workspaces/24551f5e-b398-4897-be0e-f0a0814077ce/help-desk?session_id=e36f1d4d-1c7c-4cc3-a8c5-7a055f1b0ce3,OPEN,,,2025-03-12 14:40:01,
18ff18fc-504a-470e-934d-9144465553fe,http://localhost:3000/workspaces/24551f5e-b398-4897-be0e-f0a0814077ce/help-desk?session_id=18ff18fc-504a-470e-934d-9144465553fe,CLOSED,,,2025-03-12 14:38:46,2025-03-13 14:49:09
2d36ede6-b82e-42ad-902f-f04b4872a8f7,http://localhost:3000/workspaces/24551f5e-b398-4897-be0e-f0a0814077ce/help-desk?session_id=2d36ede6-b82e-42ad-902f-f04b4872a8f7,OPEN,,,2025-03-12 14:38:20,
99486ac9-85d4-4106-9d98-bd867238b742,http://localhost:3000/workspaces/24551f5e-b398-4897-be0e-f0a0814077ce/help-desk?session_id=99486ac9-85d4-4106-9d98-bd867238b742,CLOSED,,,2025-03-12 14:34:45,2025-03-12 14:37:33
90ca3ed4-d36c-4571-8fbb-58b21de2bb57,http://localhost:3000/workspaces/24551f5e-b398-4897-be0e-f0a0814077ce/help-desk?session_id=90ca3ed4-d36c-4571-8fbb-58b21de2bb57,CLOSED,,,2025-03-12 14:31:21,2025-03-12 14:36:10
5f1360c9-5df1-452d-899f-43108cb6475d,http://localhost:3000/workspaces/24551f5e-b398-4897-be0e-f0a0814077ce/help-desk?session_id=5f1360c9-5df1-452d-899f-43108cb6475d,OPEN,,,2025-03-12 14:10:49,
a340424f-fdd4-4190-a8de-d0b4a79dc199,http://localhost:3000/workspaces/24551f5e-b398-4897-be0e-f0a0814077ce/help-desk?session_id=a340424f-fdd4-4190-a8de-d0b4a79dc199,CLOSED,,,2025-03-12 13:21:25,2025-03-12 13:26:02
3e491196-9ce8-4b84-8039-8affd9cfdfa7,http://localhost:3000/workspaces/24551f5e-b398-4897-be0e-f0a0814077ce/help-desk?session_id=3e491196-9ce8-4b84-8039-8affd9cfdfa7,CLOSED,,,2025-03-12 13:17:54,2025-03-12 13:19:58
88e6f347-18e3-4697-b297-3aae68e726b2,http://localhost:3000/workspaces/24551f5e-b398-4897-be0e-f0a0814077ce/help-desk?session_id=88e6f347-18e3-4697-b297-3aae68e726b2,CLOSED,,,2025-03-12 13:13:41,2025-03-12 13:14:02
1031d455-679c-4980-b693-7ce1dae618aa,http://localhost:3000/workspaces/24551f5e-b398-4897-be0e-f0a0814077ce/help-desk?session_id=1031d455-679c-4980-b693-7ce1dae618aa,CLOSED,,,2025-03-12 13:08:46,2025-03-12 13:11:01
d6310649-00c6-4100-a2b0-515ef652b3eb,http://localhost:3000/workspaces/24551f5e-b398-4897-be0e-f0a0814077ce/help-desk?session_id=d6310649-00c6-4100-a2b0-515ef652b3eb,CLOSED,,,2025-03-12 13:03:57,
2c9d40eb-ec89-4840-ae9f-6a3b890bce82,http://localhost:3000/workspaces/24551f5e-b398-4897-be0e-f0a0814077ce/help-desk?session_id=2c9d40eb-ec89-4840-ae9f-6a3b890bce82,OPEN,,,2025-03-12 13:03:15,
379f06e1-bdd1-41f2-93c2-c58505d70959,http://localhost:3000/workspaces/24551f5e-b398-4897-be0e-f0a0814077ce/help-desk?session_id=379f06e1-bdd1-41f2-93c2-c58505d70959,OPEN,,,2025-03-12 12:23:18,
cbc17dd0-a716-4c11-9cb0-26bed5941f1b,http://localhost:3000/workspaces/24551f5e-b398-4897-be0e-f0a0814077ce/help-desk?session_id=cbc17dd0-a716-4c11-9cb0-26bed5941f1b,CLOSED,,,2025-03-12 12:06:30,2025-03-12 12:08:36
7559d2ee-4232-4345-8cc2-455a9aa8ff32,http://localhost:3000/workspaces/24551f5e-b398-4897-be0e-f0a0814077ce/help-desk?session_id=7559d2ee-4232-4345-8cc2-455a9aa8ff32,CLOSED,,,2025-03-12 11:54:14,
8e3c208d-6619-4cca-b437-31f6c576f49b,http://localhost:3000/workspaces/24551f5e-b398-4897-be0e-f0a0814077ce/help-desk?session_id=8e3c208d-6619-4cca-b437-31f6c576f49b,CLOSED,,,2025-03-12 11:49:47,2025-03-12 12:06:18
64c9428c-3c78-4bda-aa22-06a00789745e,http://localhost:3000/workspaces/24551f5e-b398-4897-be0e-f0a0814077ce/help-desk?session_id=64c9428c-3c78-4bda-aa22-06a00789745e,CLOSED,Other,,2025-03-12 11:42:05,2025-03-12 11:45:17
360a0825-e57f-4348-965e-5bbaad0d5bff,http://localhost:3000/workspaces/24551f5e-b398-4897-be0e-f0a0814077ce/help-desk?session_id=360a0825-e57f-4348-965e-5bbaad0d5bff,CLOSED,,,2025-03-12 11:38:24,
a0276cbc-3d3c-4b43-aef6-8b118b03da50,http://localhost:3000/workspaces/24551f5e-b398-4897-be0e-f0a0814077ce/help-desk?session_id=a0276cbc-3d3c-4b43-aef6-8b118b03da50,CLOSED,,,2025-03-12 11:36:22,2025-03-12 12:23:16
d37b3382-9738-4651-8649-54432a783e87,http://localhost:3000/workspaces/24551f5e-b398-4897-be0e-f0a0814077ce/help-desk?session_id=d37b3382-9738-4651-8649-54432a783e87,CLOSED,,,2025-03-12 11:33:32,2025-03-12 11:36:20
3b0a61b7-8906-4abb-b008-49efec147d6d,http://localhost:3000/workspaces/24551f5e-b398-4897-be0e-f0a0814077ce/help-desk?session_id=3b0a61b7-8906-4abb-b008-49efec147d6d,CLOSED,,,2025-03-12 11:30:34,2025-03-12 11:33:29
aa25de5b-ff87-457a-807e-c9ee0557ae61,http://localhost:3000/workspaces/24551f5e-b398-4897-be0e-f0a0814077ce/help-desk?session_id=aa25de5b-ff87-457a-807e-c9ee0557ae61,CLOSED,,,2025-03-12 11:24:47,2025-03-12 11:30:31
84b43f24-2641-4ae8-a563-744b7a9a2351,http://localhost:3000/workspaces/24551f5e-b398-4897-be0e-f0a0814077ce/help-desk?session_id=84b43f24-2641-4ae8-a563-744b7a9a2351,CLOSED,,,2025-03-12 11:12:31,2025-03-12 11:19:36
e3d29cae-a80b-4758-b0cc-a577312c06cc,http://localhost:3000/workspaces/24551f5e-b398-4897-be0e-f0a0814077ce/help-desk?session_id=e3d29cae-a80b-4758-b0cc-a577312c06cc,CLOSED,,,2025-03-12 11:09:58,2025-03-12 12:11:48
fe870883-4886-4338-9dfd-ae08226fc3f9,http://localhost:3000/workspaces/24551f5e-b398-4897-be0e-f0a0814077ce/help-desk?session_id=fe870883-4886-4338-9dfd-ae08226fc3f9,OPEN,,,2025-03-12 11:09:44,
05d01f11-47b1-4e97-a800-35339fa5e3b4,http://localhost:3000/workspaces/24551f5e-b398-4897-be0e-f0a0814077ce/help-desk?session_id=05d01f11-47b1-4e97-a800-35339fa5e3b4,CLOSED,,,2025-03-12 11:07:41,2025-03-12 11:24:44
57c4c3ff-d521-4585-9724-12e407dcc13b,http://localhost:3000/workspaces/24551f5e-b398-4897-be0e-f0a0814077ce/help-desk?session_id=57c4c3ff-d521-4585-9724-12e407dcc13b,OPEN,,,2025-03-12 11:04:46,
c73f02ea-eafa-4494-af56-9455d39d4fb5,http://localhost:3000/workspaces/24551f5e-b398-4897-be0e-f0a0814077ce/help-desk?session_id=c73f02ea-eafa-4494-af56-9455d39d4fb5,CLOSED,,,2025-03-12 10:57:46,2025-03-12 11:06:19
a03aa70f-5f58-4de2-802d-ff4dd88a627b,http://localhost:3000/workspaces/24551f5e-b398-4897-be0e-f0a0814077ce/help-desk?session_id=a03aa70f-5f58-4de2-802d-ff4dd88a627b,CLOSED,,,2025-03-12 10:56:59,2025-03-12 12:11:57
676fde1d-b43c-46ad-92df-002961ef790e,http://localhost:3000/workspaces/24551f5e-b398-4897-be0e-f0a0814077ce/help-desk?session_id=676fde1d-b43c-46ad-92df-002961ef790e,CLOSED,,,2025-03-12 03:29:10,2025-03-12 03:39:08
d4e87a56-8a35-46ed-9a95-95ab38d3be95,http://localhost:3000/workspaces/24551f5e-b398-4897-be0e-f0a0814077ce/help-desk?session_id=d4e87a56-8a35-46ed-9a95-95ab38d3be95,CLOSED,,,2025-03-12 03:28:34,2025-03-12 03:28:58
71154c5e-e9b9-43f1-8ab9-14b719cc50db,http://localhost:3000/workspaces/24551f5e-b398-4897-be0e-f0a0814077ce/help-desk?session_id=71154c5e-e9b9-43f1-8ab9-14b719cc50db,CLOSED,,,2025-03-12 03:21:48,2025-03-12 03:28:25
1ab8dde9-a6b3-43b3-9cd6-7f8d7c63a73b,http://localhost:3000/workspaces/24551f5e-b398-4897-be0e-f0a0814077ce/help-desk?session_id=1ab8dde9-a6b3-43b3-9cd6-7f8d7c63a73b,CLOSED,,,2025-03-12 02:52:24,2025-03-12 02:59:36
6fad25af-e959-488d-8250-d99d763185d2,http://localhost:3000/workspaces/24551f5e-b398-4897-be0e-f0a0814077ce/help-desk?session_id=6fad25af-e959-488d-8250-d99d763185d2,CLOSED,,,2025-03-12 01:17:08,2025-03-12 01:19:55
d6139179-ae98-4be7-ab88-01162cc5f04d,http://localhost:3000/workspaces/24551f5e-b398-4897-be0e-f0a0814077ce/help-desk?session_id=d6139179-ae98-4be7-ab88-01162cc5f04d,CLOSED,,,2025-03-12 01:09:49,2025-03-12 01:15:35
8fccb526-00d5-4de9-99d8-798c526fd2b2,http://localhost:3000/workspaces/24551f5e-b398-4897-be0e-f0a0814077ce/help-desk?session_id=8fccb526-00d5-4de9-99d8-798c526fd2b2,CLOSED,,,2025-03-12 01:08:43,2025-03-12 01:09:46
9dbc96e3-b056-4844-a9b5-17ad2408bbd4,http://localhost:3000/workspaces/24551f5e-b398-4897-be0e-f0a0814077ce/help-desk?session_id=9dbc96e3-b056-4844-a9b5-17ad2408bbd4,CLOSED,,,2025-03-12 01:06:49,2025-03-12 01:07:56
d103fcc0-d030-45c1-9412-0446ee724081,http://localhost:3000/workspaces/24551f5e-b398-4897-be0e-f0a0814077ce/help-desk?session_id=d103fcc0-d030-45c1-9412-0446ee724081,CLOSED,,,2025-03-11 20:40:51,2025-03-11 20:42:45
6022ed8b-df86-4169-adc1-c704fffe17e7,http://localhost:3000/workspaces/24551f5e-b398-4897-be0e-f0a0814077ce/help-desk?session_id=6022ed8b-df86-4169-adc1-c704fffe17e7,CLOSED,,,2025-03-11 19:47:38,2025-03-11 19:49:32
74461371-7ef0-4edc-ad80-718f891211ca,http://localhost:3000/workspaces/24551f5e-b398-4897-be0e-f0a0814077ce/help-desk?session_id=74461371-7ef0-4edc-ad80-718f891211ca,CLOSED,,,2025-03-11 19:28:46,2025-03-11 19:45:55
4ed69a3b-84fe-44e1-931c-df3e35a14108,http://localhost:3000/workspaces/24551f5e-b398-4897-be0e-f0a0814077ce/help-desk?session_id=4ed69a3b-84fe-44e1-931c-df3e35a14108,CLOSED,,,2025-03-11 19:24:50,2025-03-11 22:50:50
9a9bfc52-a070-4212-9b7f-9a9a6d22d77d,http://localhost:3000/workspaces/24551f5e-b398-4897-be0e-f0a0814077ce/help-desk?session_id=9a9bfc52-a070-4212-9b7f-9a9a6d22d77d,CLOSED,,,2025-03-11 19:22:47,2025-03-11 19:23:59
c5b198d7-12c7-4dd0-b03d-f5f59ea4bb42,http://localhost:3000/workspaces/24551f5e-b398-4897-be0e-f0a0814077ce/help-desk?session_id=c5b198d7-12c7-4dd0-b03d-f5f59ea4bb42,CLOSED,,,2025-03-11 18:55:00,2025-03-11 22:50:59
494e5d5c-71f4-46f7-b1e4-1a8089ed03b7,http://localhost:3000/workspaces/24551f5e-b398-4897-be0e-f0a0814077ce/help-desk?session_id=494e5d5c-71f4-46f7-b1e4-1a8089ed03b7,OPEN,,,2025-03-11 17:58:45,
d0f67814-e370-4f9a-b61e-3498d1211f5b,http://localhost:3000/workspaces/24551f5e-b398-4897-be0e-f0a0814077ce/help-desk?session_id=d0f67814-e370-4f9a-b61e-3498d1211f5b,CLOSED,,,2025-03-11 16:36:23,2025-03-11 22:50:47
652ef512-63a9-4493-a9e3-3d2c8c60fc76,http://localhost:3000/workspaces/24551f5e-b398-4897-be0e-f0a0814077ce/help-desk?session_id=652ef512-63a9-4493-a9e3-3d2c8c60fc76,CLOSED,,,2025-03-11 14:04:01,2025-03-12 03:29:07
8330f293-90b0-4933-bf7f-9657e5137aa0,http://localhost:3000/workspaces/24551f5e-b398-4897-be0e-f0a0814077ce/help-desk?session_id=8330f293-90b0-4933-bf7f-9657e5137aa0,OPEN,Other,,2025-03-11 13:42:50,
7dc43083-a5f0-4d8b-a83d-77611d895f78,http://localhost:3000/workspaces/24551f5e-b398-4897-be0e-f0a0814077ce/help-desk?session_id=7dc43083-a5f0-4d8b-a83d-77611d895f78,CLOSED,,,2025-03-11 13:36:07,2025-03-11 13:42:44
5ec970e6-09cd-409d-86aa-cf725352b076,http://localhost:3000/workspaces/24551f5e-b398-4897-be0e-f0a0814077ce/help-desk?session_id=5ec970e6-09cd-409d-86aa-cf725352b076,OPEN,Other,,2025-03-11 13:34:41,
c1ee3989-ca9c-4e5d-bfa0-4c8570add3c8,http://localhost:3000/workspaces/24551f5e-b398-4897-be0e-f0a0814077ce/help-desk?session_id=c1ee3989-ca9c-4e5d-bfa0-4c8570add3c8,OPEN,Other,,2025-03-11 13:34:17,
366fe067-54da-4f44-8338-092d8bda6446,http://localhost:3000/workspaces/24551f5e-b398-4897-be0e-f0a0814077ce/help-desk?session_id=366fe067-54da-4f44-8338-092d8bda6446,CLOSED,,,2025-03-11 13:33:43,2025-03-11 13:34:11
00542bfa-c6f8-4320-8c4c-372d86d32f93,http://localhost:3000/workspaces/24551f5e-b398-4897-be0e-f0a0814077ce/help-desk?session_id=00542bfa-c6f8-4320-8c4c-372d86d32f93,CLOSED,,,2025-03-11 13:32:36,2025-03-11 13:33:36
2b493166-19ce-4b81-b639-f3429778922d,http://localhost:3000/workspaces/24551f5e-b398-4897-be0e-f0a0814077ce/help-desk?session_id=2b493166-19ce-4b81-b639-f3429778922d,CLOSED,Other,,2025-03-11 13:32:11,2025-03-11 13:32:23
dcf0160d-1f07-4e50-9b73-514c69d7cd76,http://localhost:3000/workspaces/24551f5e-b398-4897-be0e-f0a0814077ce/help-desk?session_id=dcf0160d-1f07-4e50-9b73-514c69d7cd76,CLOSED,Other,,2025-03-11 13:31:13,2025-03-11 13:31:31
e607dea9-8aa8-4238-ab76-55a515a6ed2e,http://localhost:3000/workspaces/24551f5e-b398-4897-be0e-f0a0814077ce/help-desk?session_id=e607dea9-8aa8-4238-ab76-55a515a6ed2e,CLOSED,,,2025-03-11 12:04:38,2025-03-11 17:08:28
dca3dcfe-1db4-4aea-9281-ac82b92445e8,http://localhost:3000/workspaces/24551f5e-b398-4897-be0e-f0a0814077ce/help-desk?session_id=dca3dcfe-1db4-4aea-9281-ac82b92445e8,CLOSED,Other,,2025-03-11 12:04:20,2025-03-11 12:04:35
406b5dc8-955b-448b-a21a-62742634cb73,http://localhost:3000/workspaces/24551f5e-b398-4897-be0e-f0a0814077ce/help-desk?session_id=406b5dc8-955b-448b-a21a-62742634cb73,CLOSED,Other,,2025-03-11 12:02:12,2025-03-11 12:02:54
afefe785-0ce5-4186-85f9-381351dff473,http://localhost:3000/workspaces/24551f5e-b398-4897-be0e-f0a0814077ce/help-desk?session_id=afefe785-0ce5-4186-85f9-381351dff473,CLOSED,Other,,2025-03-11 12:01:54,2025-03-11 12:02:07
d4e74211-e730-445f-a8fc-1b303d827843,http://localhost:3000/workspaces/24551f5e-b398-4897-be0e-f0a0814077ce/help-desk?session_id=d4e74211-e730-445f-a8fc-1b303d827843,CLOSED,,,2025-03-11 11:49:59,2025-03-11 12:01:52
cbce9d4a-298b-47a8-89c9-aac7750472df,http://localhost:3000/workspaces/24551f5e-b398-4897-be0e-f0a0814077ce/help-desk?session_id=cbce9d4a-298b-47a8-89c9-aac7750472df,CLOSED,,,2025-03-11 10:01:34,2025-03-13 13:53:09
41138c31-0f08-47b8-ae0f-66c55145427f,http://localhost:3000/workspaces/24551f5e-b398-4897-be0e-f0a0814077ce/help-desk?session_id=41138c31-0f08-47b8-ae0f-66c55145427f,CLOSED,,,2025-03-10 22:31:05,2025-03-11 00:56:09
558dcec1-aaaa-4ba1-9fb1-a26e06e36b5b,http://localhost:3000/workspaces/24551f5e-b398-4897-be0e-f0a0814077ce/help-desk?session_id=558dcec1-aaaa-4ba1-9fb1-a26e06e36b5b,CLOSED,,,2025-03-10 22:11:25,
33d9d06d-3f4b-4de3-a16c-eb81620b86da,http://localhost:3000/workspaces/24551f5e-b398-4897-be0e-f0a0814077ce/help-desk?session_id=33d9d06d-3f4b-4de3-a16c-eb81620b86da,CLOSED,,,2025-03-10 21:15:33,2025-03-10 21:17:28
9d227486-ed4a-4089-a12f-198dc78a91fd,http://localhost:3000/workspaces/24551f5e-b398-4897-be0e-f0a0814077ce/help-desk?session_id=9d227486-ed4a-4089-a12f-198dc78a91fd,CLOSED,,,2025-03-10 21:13:36,2025-03-11 01:03:54
5ac0c7c8-0216-4d14-bbf0-769589515896,http://localhost:3000/workspaces/24551f5e-b398-4897-be0e-f0a0814077ce/help-desk?session_id=5ac0c7c8-0216-4d14-bbf0-769589515896,CLOSED,,,2025-03-10 21:11:40,2025-03-10 21:13:24
36cb18cc-70c8-4815-910a-8250fb00b74f,http://localhost:3000/workspaces/24551f5e-b398-4897-be0e-f0a0814077ce/help-desk?session_id=36cb18cc-70c8-4815-910a-8250fb00b74f,CLOSED,,,2025-03-10 20:53:15,
52536f95-b855-4fc6-a052-f91fe5ee98e2,http://localhost:3000/workspaces/24551f5e-b398-4897-be0e-f0a0814077ce/help-desk?session_id=52536f95-b855-4fc6-a052-f91fe5ee98e2,CLOSED,,,2025-03-10 20:49:15,2025-03-11 01:04:06
61ad38c3-56af-405f-98cf-30bbfd5db56d,http://localhost:3000/workspaces/24551f5e-b398-4897-be0e-f0a0814077ce/help-desk?session_id=61ad38c3-56af-405f-98cf-30bbfd5db56d,CLOSED,,,2025-03-10 20:49:09,2025-03-11 01:03:58
49faec17-390b-46e6-ad25-c5adc25f1b11,http://localhost:3000/workspaces/24551f5e-b398-4897-be0e-f0a0814077ce/help-desk?session_id=49faec17-390b-46e6-ad25-c5adc25f1b11,CLOSED,,,2025-03-10 20:48:10,2025-03-10 20:49:51
407b2982-02eb-4682-8619-b681020ae2e5,http://localhost:3000/workspaces/24551f5e-b398-4897-be0e-f0a0814077ce/help-desk?session_id=407b2982-02eb-4682-8619-b681020ae2e5,CLOSED,,,2025-03-10 20:45:26,2025-03-10 20:46:59
655f4fc4-4bba-41de-9771-eff9b5463635,http://localhost:3000/workspaces/24551f5e-b398-4897-be0e-f0a0814077ce/help-desk?session_id=655f4fc4-4bba-41de-9771-eff9b5463635,CLOSED,,,2025-03-10 20:44:17,2025-03-11 05:00:03
49a9f636-6a13-4eea-9759-eed989fe8f97,http://localhost:3000/workspaces/24551f5e-b398-4897-be0e-f0a0814077ce/help-desk?session_id=49a9f636-6a13-4eea-9759-eed989fe8f97,CLOSED,"Gaming, Other, Withdraw Issue, Deposit issue",,2025-03-10 20:43:35,
43952709-7708-4ff9-a457-567e238a6fc4,http://localhost:3000/workspaces/24551f5e-b398-4897-be0e-f0a0814077ce/help-desk?session_id=43952709-7708-4ff9-a457-567e238a6fc4,CLOSED,,,2025-03-10 20:38:34,2025-03-10 20:39:58
d26968cc-37ad-48e4-8b37-96275e47b17e,http://localhost:3000/workspaces/24551f5e-b398-4897-be0e-f0a0814077ce/help-desk?session_id=d26968cc-37ad-48e4-8b37-96275e47b17e,CLOSED,,,2025-03-10 20:37:30,2025-03-11 05:00:03
f1b72ede-cd2f-4589-a5b0-7d94cbba222e,http://localhost:3000/workspaces/24551f5e-b398-4897-be0e-f0a0814077ce/help-desk?session_id=f1b72ede-cd2f-4589-a5b0-7d94cbba222e,CLOSED,,,2025-03-10 20:27:15,2025-03-11 05:00:03
9b016b48-9a04-4f4e-87b1-0aa874fa03d3,http://localhost:3000/workspaces/24551f5e-b398-4897-be0e-f0a0814077ce/help-desk?session_id=9b016b48-9a04-4f4e-87b1-0aa874fa03d3,CLOSED,,,2025-03-10 20:18:01,2025-03-11 05:00:03
9c9221ab-f17a-49d7-bc42-ecd4dfa13ddc,http://localhost:3000/workspaces/24551f5e-b398-4897-be0e-f0a0814077ce/help-desk?session_id=9c9221ab-f17a-49d7-bc42-ecd4dfa13ddc,CLOSED,,,2025-03-10 20:18:01,2025-03-11 05:00:03
717b4a12-9e1b-479d-ad49-04712b7705a2,http://localhost:3000/workspaces/24551f5e-b398-4897-be0e-f0a0814077ce/help-desk?session_id=717b4a12-9e1b-479d-ad49-04712b7705a2,CLOSED,,,2025-03-10 20:12:46,2025-03-11 05:00:02
4348c570-7767-4fe8-bb3f-4147f7d483fa,http://localhost:3000/workspaces/24551f5e-b398-4897-be0e-f0a0814077ce/help-desk?session_id=4348c570-7767-4fe8-bb3f-4147f7d483fa,CLOSED,,,2025-03-10 20:02:28,2025-03-11 05:00:02
5705cb1d-68f6-4ac6-924a-6ac8eca65276,http://localhost:3000/workspaces/24551f5e-b398-4897-be0e-f0a0814077ce/help-desk?session_id=5705cb1d-68f6-4ac6-924a-6ac8eca65276,CLOSED,,,2025-03-10 20:00:20,2025-03-11 05:00:02
0881ff44-fe45-4f36-8228-b57a1ddde582,http://localhost:3000/workspaces/24551f5e-b398-4897-be0e-f0a0814077ce/help-desk?session_id=0881ff44-fe45-4f36-8228-b57a1ddde582,CLOSED,,,2025-03-10 19:59:36,2025-03-10 20:01:02
62265546-d412-4727-a798-6bd9f29a37d1,http://localhost:3000/workspaces/24551f5e-b398-4897-be0e-f0a0814077ce/help-desk?session_id=62265546-d412-4727-a798-6bd9f29a37d1,CLOSED,,,2025-03-10 19:56:08,2025-03-11 05:00:03
d198b79d-8086-4677-a145-1194858bb8e7,http://localhost:3000/workspaces/24551f5e-b398-4897-be0e-f0a0814077ce/help-desk?session_id=d198b79d-8086-4677-a145-1194858bb8e7,CLOSED,,,2025-03-10 19:53:10,2025-03-11 04:00:02
03d9fba4-823d-4e6c-bc2f-fa3bd23551e7,http://localhost:3000/workspaces/24551f5e-b398-4897-be0e-f0a0814077ce/help-desk?session_id=03d9fba4-823d-4e6c-bc2f-fa3bd23551e7,CLOSED,,,2025-03-10 19:47:06,2025-03-11 04:00:03
874ceaca-bd8b-47b0-9eac-898d5d5690d8,http://localhost:3000/workspaces/24551f5e-b398-4897-be0e-f0a0814077ce/help-desk?session_id=874ceaca-bd8b-47b0-9eac-898d5d5690d8,CLOSED,,,2025-03-10 19:10:16,2025-03-10 19:11:22
cb5e4d6d-d4ea-4e85-8788-2b62c3ac1483,http://localhost:3000/workspaces/24551f5e-b398-4897-be0e-f0a0814077ce/help-desk?session_id=cb5e4d6d-d4ea-4e85-8788-2b62c3ac1483,CLOSED,,,2025-03-10 19:08:08,2025-03-10 19:09:16
88872b89-a8bb-42df-8485-84545791c455,http://localhost:3000/workspaces/24551f5e-b398-4897-be0e-f0a0814077ce/help-desk?session_id=88872b89-a8bb-42df-8485-84545791c455,OPEN,,,2025-03-10 18:02:40,
77b14669-1566-4a13-857d-a6e30ed16a26,http://localhost:3000/workspaces/24551f5e-b398-4897-be0e-f0a0814077ce/help-desk?session_id=77b14669-1566-4a13-857d-a6e30ed16a26,CLOSED,,,2025-03-10 17:58:46,2025-03-11 02:00:03
44beb7fa-7ecc-471f-bde5-145d141a12f0,http://localhost:3000/workspaces/24551f5e-b398-4897-be0e-f0a0814077ce/help-desk?session_id=44beb7fa-7ecc-471f-bde5-145d141a12f0,OPEN,,,2025-03-10 17:53:01,
70946473-3cdc-43b8-9bd3-62ae382bbfaf,http://localhost:3000/workspaces/24551f5e-b398-4897-be0e-f0a0814077ce/help-desk?session_id=70946473-3cdc-43b8-9bd3-62ae382bbfaf,OPEN,,,2025-03-10 17:51:19,
b772b721-0016-48a0-8cc0-f2f49fed5760,http://localhost:3000/workspaces/24551f5e-b398-4897-be0e-f0a0814077ce/help-desk?session_id=b772b721-0016-48a0-8cc0-f2f49fed5760,CLOSED,,,2025-03-10 17:50:18,2025-03-10 17:51:16
99e3f95b-d60a-48a5-ab6d-f6109b55a5a1,http://localhost:3000/workspaces/24551f5e-b398-4897-be0e-f0a0814077ce/help-desk?session_id=99e3f95b-d60a-48a5-ab6d-f6109b55a5a1,CLOSED,,,2025-03-10 17:47:37,2025-03-10 17:51:00
d9e5eefb-95cc-43b8-bd86-c4ae9b683765,http://localhost:3000/workspaces/24551f5e-b398-4897-be0e-f0a0814077ce/help-desk?session_id=d9e5eefb-95cc-43b8-bd86-c4ae9b683765,CLOSED,,,2025-03-10 17:47:15,2025-03-10 17:47:34
a9850087-ca75-4a47-a50d-7d091fb0c450,http://localhost:3000/workspaces/24551f5e-b398-4897-be0e-f0a0814077ce/help-desk?session_id=a9850087-ca75-4a47-a50d-7d091fb0c450,CLOSED,,,2025-03-10 17:46:50,2025-03-10 17:46:59
5c483c3d-9eb0-47c1-9038-c88774e067e0,http://localhost:3000/workspaces/24551f5e-b398-4897-be0e-f0a0814077ce/help-desk?session_id=5c483c3d-9eb0-47c1-9038-c88774e067e0,CLOSED,,,2025-03-10 17:46:13,2025-03-10 17:46:42
6fac36f7-d600-404c-8169-05eeb55618f0,http://localhost:3000/workspaces/24551f5e-b398-4897-be0e-f0a0814077ce/help-desk?session_id=6fac36f7-d600-404c-8169-05eeb55618f0,CLOSED,,,2025-03-10 17:45:59,2025-03-10 17:46:10
8a651749-4c43-4457-af29-39743fc87300,http://localhost:3000/workspaces/24551f5e-b398-4897-be0e-f0a0814077ce/help-desk?session_id=8a651749-4c43-4457-af29-39743fc87300,CLOSED,,,2025-03-10 17:45:34,2025-03-10 17:45:55
172b6867-dd84-4f91-8e70-b458672655a5,http://localhost:3000/workspaces/24551f5e-b398-4897-be0e-f0a0814077ce/help-desk?session_id=172b6867-dd84-4f91-8e70-b458672655a5,CLOSED,,,2025-03-10 17:45:11,2025-03-10 17:45:33
e97312ef-7ce0-4147-966a-b741e3c34b2d,http://localhost:3000/workspaces/24551f5e-b398-4897-be0e-f0a0814077ce/help-desk?session_id=e97312ef-7ce0-4147-966a-b741e3c34b2d,CLOSED,,,2025-03-10 17:42:49,2025-03-10 17:45:08
81cc827b-2879-4e57-a2d5-fbda09bea931,http://localhost:3000/workspaces/24551f5e-b398-4897-be0e-f0a0814077ce/help-desk?session_id=81cc827b-2879-4e57-a2d5-fbda09bea931,CLOSED,,,2025-03-10 17:42:03,2025-03-10 17:42:46
13948baf-fd37-41f7-8aa5-8788f530c222,http://localhost:3000/workspaces/24551f5e-b398-4897-be0e-f0a0814077ce/help-desk?session_id=13948baf-fd37-41f7-8aa5-8788f530c222,CLOSED,,,2025-03-10 17:41:53,2025-03-10 17:42:01
25935e7a-04c0-4597-ac56-5776940c71cf,http://localhost:3000/workspaces/24551f5e-b398-4897-be0e-f0a0814077ce/help-desk?session_id=25935e7a-04c0-4597-ac56-5776940c71cf,CLOSED,,,2025-03-10 17:41:42,2025-03-10 17:41:52
a1b8dcea-8fde-4900-91bc-bc6b89fb2dfd,http://localhost:3000/workspaces/24551f5e-b398-4897-be0e-f0a0814077ce/help-desk?session_id=a1b8dcea-8fde-4900-91bc-bc6b89fb2dfd,CLOSED,,,2025-03-10 17:41:32,2025-03-10 17:41:40
d0ca646d-248e-47cc-8494-45c6406b7f91,http://localhost:3000/workspaces/24551f5e-b398-4897-be0e-f0a0814077ce/help-desk?session_id=d0ca646d-248e-47cc-8494-45c6406b7f91,CLOSED,,,2025-03-10 17:41:15,2025-03-10 17:41:31
ef8f3cf5-802c-42a1-9aa0-6b93e6d3387d,http://localhost:3000/workspaces/24551f5e-b398-4897-be0e-f0a0814077ce/help-desk?session_id=ef8f3cf5-802c-42a1-9aa0-6b93e6d3387d,CLOSED,,,2025-03-10 17:40:59,2025-03-10 17:41:13
9f32a0f9-cfd8-4107-87f4-d15ac780d5d5,http://localhost:3000/workspaces/24551f5e-b398-4897-be0e-f0a0814077ce/help-desk?session_id=9f32a0f9-cfd8-4107-87f4-d15ac780d5d5,CLOSED,,,2025-03-10 17:39:47,2025-03-10 17:40:56
a23ba84f-5afd-4596-a69d-109adc29a2b3,http://localhost:3000/workspaces/24551f5e-b398-4897-be0e-f0a0814077ce/help-desk?session_id=a23ba84f-5afd-4596-a69d-109adc29a2b3,CLOSED,,,2025-03-10 17:39:34,2025-03-10 17:39:45
1c627b14-00cb-4f59-8d71-2abc199164b7,http://localhost:3000/workspaces/24551f5e-b398-4897-be0e-f0a0814077ce/help-desk?session_id=1c627b14-00cb-4f59-8d71-2abc199164b7,CLOSED,,,2025-03-10 17:36:41,2025-03-10 17:39:25
63998c21-74db-4efd-af52-c4fe2117738c,http://localhost:3000/workspaces/24551f5e-b398-4897-be0e-f0a0814077ce/help-desk?session_id=63998c21-74db-4efd-af52-c4fe2117738c,CLOSED,,,2025-03-10 17:35:05,2025-03-10 17:36:35
6673c94c-bcce-4e85-81f6-9d846f005cce,http://localhost:3000/workspaces/24551f5e-b398-4897-be0e-f0a0814077ce/help-desk?session_id=6673c94c-bcce-4e85-81f6-9d846f005cce,CLOSED,,,2025-03-10 17:34:19,2025-03-10 17:35:02
43541081-c1e4-4ea2-b763-e16addb8f8f2,http://localhost:3000/workspaces/24551f5e-b398-4897-be0e-f0a0814077ce/help-desk?session_id=43541081-c1e4-4ea2-b763-e16addb8f8f2,CLOSED,,,2025-03-10 17:33:28,2025-03-10 17:33:55
4b15dec3-1c4c-4e78-9f31-646fce6297e0,http://localhost:3000/workspaces/24551f5e-b398-4897-be0e-f0a0814077ce/help-desk?session_id=4b15dec3-1c4c-4e78-9f31-646fce6297e0,CLOSED,,,2025-03-10 17:32:51,2025-03-10 17:33:23
d822d2ea-bc77-4afb-8b78-50901cbeebb3,http://localhost:3000/workspaces/24551f5e-b398-4897-be0e-f0a0814077ce/help-desk?session_id=d822d2ea-bc77-4afb-8b78-50901cbeebb3,CLOSED,,,2025-03-10 17:29:29,2025-03-10 17:29:52
92e6f946-614a-4dfd-8615-0927f3fde1ae,http://localhost:3000/workspaces/24551f5e-b398-4897-be0e-f0a0814077ce/help-desk?session_id=92e6f946-614a-4dfd-8615-0927f3fde1ae,CLOSED,,,2025-03-10 17:29:19,2025-03-10 17:29:27
4e946368-3bb9-4335-abe7-8e0b21813134,http://localhost:3000/workspaces/24551f5e-b398-4897-be0e-f0a0814077ce/help-desk?session_id=4e946368-3bb9-4335-abe7-8e0b21813134,CLOSED,,,2025-03-10 17:23:55,2025-03-10 17:24:26
63a3b9d1-b869-4981-9143-ebdc980f4e81,http://localhost:3000/workspaces/24551f5e-b398-4897-be0e-f0a0814077ce/help-desk?session_id=63a3b9d1-b869-4981-9143-ebdc980f4e81,CLOSED,,,2025-03-10 17:23:41,2025-03-10 17:23:48
f5195e7f-b7a4-45de-8b11-53ce755c055c,http://localhost:3000/workspaces/24551f5e-b398-4897-be0e-f0a0814077ce/help-desk?session_id=f5195e7f-b7a4-45de-8b11-53ce755c055c,CLOSED,,,2025-03-10 17:23:06,2025-03-10 17:23:38
eac93df6-e196-4359-baf9-6e5c1bccdb2d,http://localhost:3000/workspaces/24551f5e-b398-4897-be0e-f0a0814077ce/help-desk?session_id=eac93df6-e196-4359-baf9-6e5c1bccdb2d,CLOSED,,,2025-03-10 17:22:46,2025-03-10 17:22:55
209883ad-7571-4a89-868d-cb0210418d96,http://localhost:3000/workspaces/24551f5e-b398-4897-be0e-f0a0814077ce/help-desk?session_id=209883ad-7571-4a89-868d-cb0210418d96,CLOSED,,,2025-03-10 17:21:41,2025-03-10 17:22:28
1978aff1-6f36-40cc-b632-ed0787a0cba4,http://localhost:3000/workspaces/24551f5e-b398-4897-be0e-f0a0814077ce/help-desk?session_id=1978aff1-6f36-40cc-b632-ed0787a0cba4,CLOSED,,,2025-03-10 17:20:48,2025-03-10 17:21:09
061fc6c8-6a7d-425b-aab7-bde639208e40,http://localhost:3000/workspaces/24551f5e-b398-4897-be0e-f0a0814077ce/help-desk?session_id=061fc6c8-6a7d-425b-aab7-bde639208e40,CLOSED,,,2025-03-10 17:19:11,2025-03-10 17:19:29
5c6c3701-3700-44de-869f-166c1dfcf51a,http://localhost:3000/workspaces/24551f5e-b398-4897-be0e-f0a0814077ce/help-desk?session_id=5c6c3701-3700-44de-869f-166c1dfcf51a,CLOSED,,,2025-03-10 17:18:07,2025-03-10 17:18:28
2ded59f4-17c8-47ba-b537-e99aa8308464,http://localhost:3000/workspaces/24551f5e-b398-4897-be0e-f0a0814077ce/help-desk?session_id=2ded59f4-17c8-47ba-b537-e99aa8308464,CLOSED,,,2025-03-10 17:01:15,2025-03-11 02:00:03
349b2132-f4f3-4049-a1fd-e0e29302e707,http://localhost:3000/workspaces/24551f5e-b398-4897-be0e-f0a0814077ce/help-desk?session_id=349b2132-f4f3-4049-a1fd-e0e29302e707,CLOSED,,,2025-03-10 16:51:43,2025-03-11 01:00:09
1bb157a7-9ca0-47c7-8c69-083b69a4400c,http://localhost:3000/workspaces/24551f5e-b398-4897-be0e-f0a0814077ce/help-desk?session_id=1bb157a7-9ca0-47c7-8c69-083b69a4400c,CLOSED,,,2025-03-10 16:45:40,2025-03-10 16:51:42
f0dffbb7-1176-4e7e-8e69-414a1e4ca7ff,http://localhost:3000/workspaces/24551f5e-b398-4897-be0e-f0a0814077ce/help-desk?session_id=f0dffbb7-1176-4e7e-8e69-414a1e4ca7ff,CLOSED,,,2025-03-10 16:44:37,
c0f50dad-c598-4d5f-964d-61751535eee1,http://localhost:3000/workspaces/24551f5e-b398-4897-be0e-f0a0814077ce/help-desk?session_id=c0f50dad-c598-4d5f-964d-61751535eee1,CLOSED,,,2025-03-10 14:38:50,2025-03-10 23:00:02
ca1edeae-3dd5-4cac-8ff0-df03b87e7c20,http://localhost:3000/workspaces/24551f5e-b398-4897-be0e-f0a0814077ce/help-desk?session_id=ca1edeae-3dd5-4cac-8ff0-df03b87e7c20,CLOSED,,,2025-03-10 14:36:49,2025-03-11 01:00:09
4e4df232-a945-4e54-a8f7-c8af38846c07,http://localhost:3000/workspaces/24551f5e-b398-4897-be0e-f0a0814077ce/help-desk?session_id=4e4df232-a945-4e54-a8f7-c8af38846c07,CLOSED,"Withdraw Issue, Deposit issue",,2025-03-10 14:11:16,2025-03-10 23:00:02
7aae3846-8eb9-46c3-ae3d-e7384e22d08b,http://localhost:3000/workspaces/24551f5e-b398-4897-be0e-f0a0814077ce/help-desk?session_id=7aae3846-8eb9-46c3-ae3d-e7384e22d08b,OPEN,,,2025-03-10 12:58:28,
d6c8c5a6-a2fe-4b12-821d-10304cc0a680,http://localhost:3000/workspaces/24551f5e-b398-4897-be0e-f0a0814077ce/help-desk?session_id=d6c8c5a6-a2fe-4b12-821d-10304cc0a680,CLOSED,,,2025-03-10 12:56:55,2025-03-10 21:00:04
a0bdc8d4-911d-4e2a-9a14-4c0d3466de31,http://localhost:3000/workspaces/24551f5e-b398-4897-be0e-f0a0814077ce/help-desk?session_id=a0bdc8d4-911d-4e2a-9a14-4c0d3466de31,CLOSED,,,2025-03-10 12:40:54,2025-03-10 21:00:03
e11c29a7-8c52-4e7a-ba36-745d44ca7ea0,http://localhost:3000/workspaces/24551f5e-b398-4897-be0e-f0a0814077ce/help-desk?session_id=e11c29a7-8c52-4e7a-ba36-745d44ca7ea0,OPEN,,,2025-03-10 11:43:31,
8c80b5a2-3ee9-474a-904b-50291c410f11,http://localhost:3000/workspaces/24551f5e-b398-4897-be0e-f0a0814077ce/help-desk?session_id=8c80b5a2-3ee9-474a-904b-50291c410f11,CLOSED,,,2025-03-10 01:25:33,2025-03-10 10:00:02
fc195bab-79c1-4a9b-aa1a-b1b270b668f5,http://localhost:3000/workspaces/24551f5e-b398-4897-be0e-f0a0814077ce/help-desk?session_id=fc195bab-79c1-4a9b-aa1a-b1b270b668f5,CLOSED,,,2025-03-10 01:24:51,2025-03-10 10:00:01
256d0d2a-c1a8-4bed-a3c4-ab4818a13e04,http://localhost:3000/workspaces/24551f5e-b398-4897-be0e-f0a0814077ce/help-desk?session_id=256d0d2a-c1a8-4bed-a3c4-ab4818a13e04,CLOSED,,,2025-03-10 01:21:48,2025-03-10 01:25:30
4404a6cc-bf8e-4f8f-b7e8-162930388001,http://localhost:3000/workspaces/24551f5e-b398-4897-be0e-f0a0814077ce/help-desk?session_id=4404a6cc-bf8e-4f8f-b7e8-162930388001,CLOSED,,,2025-03-10 01:15:58,2025-03-10 10:00:02
a31fb479-ed7d-4835-baf6-38fcd6966f63,http://localhost:3000/workspaces/24551f5e-b398-4897-be0e-f0a0814077ce/help-desk?session_id=a31fb479-ed7d-4835-baf6-38fcd6966f63,CLOSED,,,2025-03-10 01:13:34,2025-03-10 10:00:02
eafbe4bb-d942-4f48-b101-bac40b3fa7c1,http://localhost:3000/workspaces/24551f5e-b398-4897-be0e-f0a0814077ce/help-desk?session_id=eafbe4bb-d942-4f48-b101-bac40b3fa7c1,CLOSED,,,2025-03-10 01:02:06,2025-03-10 01:20:31
54bc6b17-5447-4834-81f5-c052b038d880,http://localhost:3000/workspaces/24551f5e-b398-4897-be0e-f0a0814077ce/help-desk?session_id=54bc6b17-5447-4834-81f5-c052b038d880,CLOSED,,,2025-03-10 00:46:09,2025-03-10 10:00:02
6415dc45-c4ea-4cd0-ac74-e014482921e4,http://localhost:3000/workspaces/24551f5e-b398-4897-be0e-f0a0814077ce/help-desk?session_id=6415dc45-c4ea-4cd0-ac74-e014482921e4,CLOSED,,,2025-03-10 00:45:12,2025-03-10 09:00:07